{
  "email": {
    "subject": "CfP EICS 2026 - First Submission Round",
    "from": {
      "name": "SEWORLD Moderator",
      "email": "[log in to unmask]"
    },
    "reply_to": {
      "name": "SEWORLD Moderator",
      "email": "[log in to unmask]"
    },
    "date": "Mon, 7 Jul 2025 03:07:01 -0000",
    "content_type": "text/plain",
    "call_for_papers": {
      "event": {
        "name": "EICS 2026",
        "description": "The 18th ACM SIGCHI Symposium on Engineering Interactive Computing Systems",
        "dates": {
          "start": "June 22, 2025",
          "end": "June 26, 2025"
        },
        "location": "Trier, Germany",
        "url": "https://eics.acm.org/2026/"
      },
      "submission": {
        "deadline": "July 25, 2025",
        "types": [
          "Full Papers",
          "Technical Notes"
        ]
      },
      "topics": [
        "Modelling, specification and analysis of interaction and interactive systems",
        "Requirements engineering for interactive systems",
        "Methods, processes, principles and/or tools for building interactive systems",
        "Software architectures for interactive systems",
        "Formal methods within interactive systems engineering",
        "Bridging the gap between engineering and design practices",
        "Engineering design and evaluation tools",
        "Computational techniques for designing and evaluating interactive systems",
        "Interactive data-driven systems",
        "Explore and/or employ of diverse interaction techniques and devices",
        "Engineering hardware or software integration in interactive systems",
        "Engineering interactive systems for diverse user groups",
        "Engineering collaborative multi-user interactive systems",
        "Engineering interactive systems embedding AI-technologies",
        "Engineering interaction-driven AI-technologies",
        "Applying AI technologies in methods, processes and tools for building interactive systems"
      ],
      "guidelines": {
        "general": "A newcomer’s guide to EICS is available at https://dl.acm.org/doi/10.1145/3300960",
        "submission_details": {
          "overview": "EICS Full Papers and Technical Notes are published as articles in the Journal Proceedings of the ACM on Human-Computer Interaction (PACM - EICS series).",
          "submission_process": "Papers may be accepted after submission and review, or may be recommended for revisions and re-submission.",
          "focus": "Submissions should present original and mature research work within the scope of the conference.",
          "technical_notes": "Focus on elucidating technical details of complex interactive systems.",
          "length_restrictions": "There are no length restrictions on Full Papers and Technical Notes.",
          "acm_format": "Full Papers and Technical Notes should be written in the ACM format, see https://www.acm.org/publications/authors/submissions",
          "human_participants": "Papers should comply with the ACM policy on Research Involving Human Participants and Subjects."
        },
        "submission_url": "https://new.precisionconference.com"
      },
      "chairs": [
        {
          "name": "Célia Martinie"
        },
        {
          "name": "Davide Spano"
        }
      ]
    },
    "contribution": {
      "submission_link": "mailto:[log in to unmask]",
      "more_information": {
        "link": "http://sigsoft.org/resources/seworld.html"
      }
    }
  }
}