{
  "event": {
    "name": "ISSRE 2025",
    "dates": {
      "start": "2025-10-21",
      "end": "2025-10-24"
    },
    "location": {
      "city": "São Paulo",
      "country": "Brazil"
    },
    "website": "https://issre.net",
    "description": "International Symposium on Software Reliability Engineering is the leading conference on software reliability focusing on approaches, techniques, and tools for assessing, predicting, and improving the reliability, safety, and security of software systems."
  },
  "workshops": [
    {
      "name": "WoSAR",
      "title": "The 17th International Workshop on Software Aging and Rejuvenation",
      "website": "https://www.wosar.net/"
    },
    {
      "name": "ASSURE",
      "title": "The 10th International Workshop on Assurance for Software-intensive Systems",
      "website": "https://sites.google.com/aiit.ac.jp/assure2025/"
    },
    {
      "name": "IWSF & SHIFT",
      "title": "The 9th International Workshop on Software Faults & The 7th Annual International Workshop on Software Hardware Interaction Faults"
    },
    {
      "name": "AISQ",
      "title": "The 2nd International Workshop on Advanced Intelligent Software Quality",
      "website": "https://sites.google.com/view/aisq-2025/home"
    },
    {
      "name": "ReSAISE",
      "title": "The 3rd IEEE International Workshop on Reliable and Secure AI for Software Engineering",
      "website": "https://resaise.github.io/2025/"
    },
    {
      "name": "HFSD",
      "title": "The 2nd International Workshop on Human Factors for Software Dependability",
      "website": "https://hfsdworkshop.github.io/"
    }
  ],
  "deadlines": {
    "workshop_paper_submission": {
      "date": "2025-07-21",
      "note": "This date is only indicative; please check individual workshop webpages as well."
    },
    "workshop_paper_notification": {
      "date": "2025-08-11"
    },
    "camera_ready_papers": {
      "date": "2025-08-18"
    }
  },
  "paper_submission": {
    "instructions": "Submit your paper via the EasyChair website, selecting the correct track for your submission.",
    "website": "https://easychair.org/my/conference?conf=issre2025"
  },
  "contact": {
    "contribution_email": "mailto:[log in to unmask]",
    "seworld_info": "http://sigsoft.org/resources/seworld.html"
  }
}