{
  "email": {
    "subject": "MODELS2025 – CFP for Accepted Workshops",
    "from": {
      "name": "SEWORLD Moderator",
      "email": "[log in to unmask]"
    },
    "reply_to": {
      "name": "SEWORLD Moderator",
      "email": "[log in to unmask]"
    },
    "date": "Mon, 16 Jun 2025 05:34:19 -0000",
    "content_type": "text/plain",
    "conference": {
      "name": "ACM / IEEE 28th International Conference on Model Driven Engineering Languages and Systems",
      "abbreviation": "MODELS",
      "dates": "Oct 5-10, 2025",
      "location": {
        "city": "Grand Rapids",
        "state": "Michigan",
        "country": "United States"
      },
      "website": "https://2025.models-conf.com/",
      "hybrid_event": true,
      "workshops": {
        "accepted": [
          {
            "id": "W1",
            "title": "International Workshop on Collaborative and Participatory Modeling (CoPaMo 2025)",
            "website": "https://copamo.github.io/",
            "organizers": [
              "Istvan David",
              "Anne Gutschmidt",
              "Luciano Marchezan",
              "Philippe Giabbanelli"
            ],
            "description": "Collaborative modeling is a key enabler to engineering complex systems. While mostly focusing on the technical and technological aspects of collaboration, the MDE community has also recognized the need for more pronounced stakeholder-facing concerns in collaborative modeling techniques and tools.",
            "link": "https://2025.models-conf.com/track/models-2025-workshops#w1-international-workshop-on-collaborative-and-participatory-modeling-copamo-2025"
          },
          {
            "id": "W2",
            "title": "2nd International Workshop on Sustainability and Modeling (SusMod’25)",
            "website": "https://sustainability-and-modeling.github.io/",
            "organizers": [
              "Istvan David",
              "Arianna Fedeli",
              "Vincenzo Stoico"
            ],
            "description": "Sustainability is becoming a key characteristic of modern systems. This workshop aims to unearth visceral links between sustainability and MDE.",
            "link": "https://2025.models-conf.com/track/models-2025-workshops#w2-2nd-international-workshop-on-sustainability-and-modeling-susmod25"
          },
          {
            "id": "W3",
            "title": "MDE Intelligence: 7th Workshop on Artificial Intelligence and Model-driven Engineering",
            "website": "https://mde-intelligence.github.io/",
            "organizers": [
              "Lola Burgueño",
              "Dominik Bork",
              "Claudio Di Sipio"
            ],
            "description": "This workshop aims to discuss how to choose, evaluate, and adapt AI techniques to MDE while improving current system and software modeling and generation processes.",
            "link": "https://2025.models-conf.com/track/models-2025-workshops#w3-mde-intelligence-7th-workshop-on-artificial-intelligence-and-model-driven-engineering"
          },
          {
            "id": "W4",
            "title": "Modeling Language Engineering (MLE)",
            "website": "https://mleworkshop.github.io/editions/mle2025/",
            "organizers": [
              "Josselin Enet",
              "Ivan Kurtev",
              "Andreas Wortmann"
            ],
            "description": "The proposed MLE workshop aims at bringing together researchers and practitioners to discuss the challenges associated with the engineering of modeling languages.",
            "link": "https://2025.models-conf.com/track/models-2025-workshops#w4-modeling-language-engineering-mle"
          },
          {
            "id": "W5",
            "title": "MULTI 2025",
            "website": "https://multi-workshop.github.io/2025/",
            "organizers": [
              "Arne Lange",
              "Fernando Macías",
              "Pierre Maier"
            ],
            "description": "The MULTI workshop series is the premier venue for researchers and practitioners working on multi-level modeling and multi-level software development.",
            "link": "https://2025.models-conf.com/track/models-2025-workshops#w5-multi-2025"
          },
          {
            "id": "W6",
            "title": "Models and Evolution 2025 (ME 2025)",
            "website": "https://models-and-evolution.github.io/",
            "organizers": [
              "Wael Kessentini",
              "Juri Di Rocco",
              "Djamel Eddine Khelladi"
            ],
            "description": "The ME workshop aims to bring together researchers and practitioners to discuss the latest developments around the evolution of models and various artifacts used in MDE.",
            "link": "https://2025.models-conf.com/track/models-2025-workshops#w6-models-and-evolution-2025-me-2025"
          },
          {
            "id": "W7",
            "title": "Second International Workshop on Model Management (MoM)",
            "website": "https://mom2025.wp.imt.fr/",
            "organizers": [
              "Dominique Blouin",
              "Sylvain Guérin",
              "Arne Lange",
              "Moussa Amrani",
              "Anish Bhobe",
              "Chahrazed Boudjemila",
              "Thomas Weber"
            ],
            "description": "The second edition of this MoM workshop aims to bring together international researchers and practitioners to improve the state-of-the-art in MoM and define future research directions.",
            "link": "https://2025.models-conf.com/track/models-2025-workshops#w7-second-international-workshop-on-model-management-mom"
          },
          {
            "id": "W8",
            "title": "LowCode 2025: Low-Code Development Platforms",
            "website": "https://lowcode-workshop.github.io/",
            "organizers": [
              "Luca Berardinelli",
              "Juri Di Rocco",
              "Dimitris Kolovos",
              "Jean-Marie Mottu"
            ],
            "description": "The LowCode 2025 workshop aims to bring together vendors and users of low-code platforms with model-driven engineering researchers to explore collaboration opportunities.",
            "link": "https://2025.models-conf.com/track/models-2025-workshops#w8-lowcode-2025-low-code-development-platforms"
          },
          {
            "id": "W9",
            "title": "MoDeVVa ’25: Model Driven Engineering, Verification and Validation",
            "website": "https://sites.google.com/site/modevva/call-for-papers",
            "organizers": [
              "Iulian Ober",
              "Jens Kosiol",
              "Saad Bin Abid",
              "Rakshit Mittal",
              "Juergen Dingel",
              "Ernesto Posse"
            ],
            "description": "The workshop on Model Driven Engineering, Verification and Validation offers a forum for discussing emerging research in V&V approaches in MBSE/MDE.",
            "link": "https://2025.models-conf.com/track/models-2025-workshops#w9-modevva-25-model-driven-engineering-verification-and-validation"
          },
          {
            "id": "W10",
            "title": "onto:Nexus Ontological Modeling and Analysis Workshop",
            "website": "https://www.opencaesar.io/events/onto-Nexus-Workshop-2025",
            "organizers": [
              "Maged Elaasar",
              "Bentley Oakes",
              "Abdelwahab Hamou-Lhadj",
              "Mohammad Hamdaqa"
            ],
            "description": "The goal of the workshop is to provide a presentation and discussion space for ontological modeling and analysis in the context of model-based software and systems engineering.",
            "link": "https://2025.models-conf.com/track/models-2025-workshops#w10-ontonexus-ontological-modeling-and-analysis-workshop"
          },
          {
            "id": "W11",
            "title": "MoDIoT – 1st International Workshop on Model-Based Development for the IoT",
            "website": "https://modiot2025.imad.org/",
            "organizers": [
              "Imad Berrouyne",
              "Yann-Gaël Guéhéneuc",
              "Hassnaa Moustafa"
            ],
            "description": "The workshop aims to provide a platform for discussing the potential of model-based development in addressing the challenges of IoT.",
            "link": "https://2025.models-conf.com/track/models-2025-workshops#w11-modiot-1st-international-workshop-on-model-based-development-for-the-iot"
          }
        ],
        "important_dates": {
          "submissions_deadline": "Thu 3 Jul 2025",
          "notification_of_authors": "Thu 31 Jul 2025",
          "camera_ready_deadline": "Thu 7 Aug 2025"
        }
      }
    },
    "workshop_co_chairs": [
      "Shiva Nejati",
      "Foyzul Hassan"
    ],
    "contribution_info": {
      "submission_link": "mailto:[log in to unmask]",
      "seworld_info": "http://sigsoft.org/resources/seworld.html"
    }
  }
}