{
  "subject": "Joint Call for Papers – Workshops at PROFES 2025, Salerno, Italy, December 2025",
  "from": {
    "name": "SEWORLD Moderator",
    "email": "[log in to unmask]"
  },
  "reply_to": {
    "name": "SEWORLD Moderator",
    "email": "[log in to unmask]"
  },
  "date": "Tue, 10 Jun 2025 15:25:08 -0000",
  "content_type": "text/plain",
  "event": {
    "name": "PROFES 2025",
    "location": "Salerno, Italy",
    "date": "December 1, 2025",
    "workshops": [
      {
        "name": "QuEMaLeS 2025",
        "description": "Workshop on Quality Evaluation of Machine Learning Software Systems",
        "topics": [
          "Quality models and metrics for ML-based systems",
          "Data quality evaluation",
          "Certification frameworks and standardization (e.g., ISO/IEC 25059)",
          "Non-functional quality measures",
          "Tools for evaluating ML-based software",
          "Application-specific evaluations (e.g., healthcare, transportation)"
        ],
        "paper_format": {
          "technical_and_experience_papers": "up to 12 pages",
          "new_ideas_and_short_papers": "up to 8 pages"
        }
      },
      {
        "name": "PATH 2025",
        "description": "Promoting and Dealing with Advanced Technology in Healthcare",
        "topics": [
          "AI-driven diagnostics and decision support",
          "Secure data management and privacy in healthcare software",
          "Digital health platforms and IoMT",
          "Ethical and regulatory issues in AI for healthcare",
          "Evaluation methodologies and real-world case studies"
        ],
        "paper_format": {
          "regular_papers": "up to 12 pages",
          "short_papers": "up to 6 pages"
        },
        "more_information": "https://conf.researchr.org/home/profes-2025/path-2025"
      },
      {
        "name": "A-SPPI 2025",
        "description": "International Workshop on Analytics for Software Product and Process Improvement",
        "topics": [
          "Analysis of software data to support decision making",
          "AI and machine learning for software analytics",
          "Empirical studies, tools, and visualizations",
          "Teaching software analytics and process improvement"
        ],
        "paper_format": {
          "full_papers": "8 to 12 pages",
          "short_papers": "6 to 8 pages",
          "position_papers": "4 to 6 pages",
          "panel_proposals": "1 to 4 pages"
        },
        "more_information": "https://conf.researchr.org/home/profes-2025/a-sppi-2025"
      }
    ],
    "important_dates": {
      "submission_deadline": "August 9, 2025",
      "notification_of_acceptance": "September 9, 2025",
      "camera_ready_submission": "September 23, 2025",
      "workshop_date": "December 1, 2025"
    },
    "submission_guidelines": "All submissions must be in English, original, and not under review or published elsewhere. Papers must conform to the Springer LNCS formatting guidelines. Accepted papers will be published in a Lecture Notes in Computer Science (LNCS) proceedings volume. At least one author of each accepted paper must register for the workshop and present the work.",
    "closing": "We look forward to your contributions and to seeing you in Salerno at PROFES 2025."
  },
  "footer": {
    "contribution_information": "To contribute to SEWORLD, send your submission to mailto:[log in to unmask]",
    "resources": "http://sigsoft.org/resources/seworld.html provides more information on SEWORLD as well as links to a complete archive of messages posted to the list."
  }
}