{
  "email": {
    "subject": "[CFP] ER2025 - List of Workshops",
    "from": {
      "name": "SEWORLD Moderator",
      "email": "[log in to unmask]"
    },
    "reply_to": {
      "name": "SEWORLD Moderator",
      "email": "[log in to unmask]"
    },
    "date": "Thu, 5 Jun 2025 13:51:25 -0000",
    "content_type": "text/plain",
    "body": {
      "workshops": [
        {
          "name": "Fundamentals of Conceptual Modeling (FCM)",
          "url": "https://ae-ainf.aau.at/fcm/"
        },
        {
          "name": "6th International Workshop on Conceptual Modeling for Life Sciences (CMLS)",
          "url": "https://purl.org/cmls-2025"
        },
        {
          "name": "3rd International Workshop Modeling in the Age of Large Language Models (LLM4Modeling)",
          "url": "https://www.unifr.ch/inf/digits/en/events/3rd-international-workshop-modeling-in-the-age-of-large-language-models-(llm4modeling).html"
        },
        {
          "name": "11th International Workshop on Ontologies and Conceptual Modeling (OntoCom)",
          "url": "https://ontocomworkshops.github.io/OntoCom2025/"
        },
        {
          "name": "6th International Workshop on Quality and Measurement of Model-Driven Software Development (QUAMES)",
          "url": "https://quames.testar.org"
        }
      ],
      "important_dates": {
        "submission_deadline": "27 June 2025",
        "notification": "28 July 2025"
      },
      "organization": {
        "workshop_chairs": [
          {
            "name": "Anna Bernasconi",
            "affiliation": "Politécnico de Milano",
            "country": "Italy"
          },
          {
            "name": "Sergio de Cesare",
            "affiliation": "University of Westminster",
            "country": "UK"
          },
          {
            "name": "Claudenir Morais Fonseca",
            "affiliation": "University of Twente",
            "country": "Netherlands"
          }
        ],
        "contact_info": {
          "email": "[log in to unmask]"
        }
      },
      "contribution_info": {
        "submission_email": "mailto:[log in to unmask]",
        "website": "http://sigsoft.org/resources/seworld.html"
      }
    }
  }
}