{
  "event": {
    "name": "13th International Conference on Software Engineering Research and Innovation",
    "abbreviation": "CONISOFT 2025",
    "dates": {
      "start": "2025-10-27",
      "end": "2025-10-31"
    },
    "location": {
      "venue": "Universidad Autónoma de Baja California Sur",
      "city": "La Paz",
      "state": "BCS",
      "country": "Mexico"
    },
    "website": "https://conisoft.org",
    "registration": {
      "link": "https://conisoft.org/2025/#registration",
      "fees": [
        {
          "item": "1 Paper",
          "amount_usd": 200,
          "amount_mxn": 4000
        },
        {
          "item": "1 Additional paper",
          "amount_usd": 100,
          "amount_mxn": 2000
        },
        {
          "item": "3rd paper",
          "note": "must pay full fee"
        }
      ],
      "submission_deadline": "2025-06-15"
    },
    "type": "hybrid",
    "organizers": [
      {
        "name": "Software Engineering Mexican Network",
        "abbreviation": "REDMIS"
      },
      {
        "name": "Universidad Autónoma de Baja California Sur"
      }
    ],
    "supporting_sponsors": [
      "IEEE",
      "IEEE Computer Society"
    ],
    "promotion": [
      "#conisoft",
      "#redmis",
      "#se",
      "#softwareEngineering",
      "#mexico",
      "#IEEE",
      "#IEEEComputerSociety"
    ],
    "topics": [
      {
        "category": "Core Themes in Software Engineering",
        "subtopics": [
          "Requirements Engineering",
          "Systems Modeling",
          "Architecture and Software Design",
          "Models and Quality Systems",
          "Process Models",
          "Software Metrics"
        ]
      },
      {
        "category": "Empirical Software Engineering",
        "subtopics": [
          "Empirical Methods",
          "Statistical Methods and Measurement",
          "Simulation Methods",
          "Missing Data in Software Engineering",
          "Experimentation in Software Engineering"
        ]
      },
      {
        "category": "Formal methods",
        "subtopics": [
          "Theoretical Basis for Software Engineering",
          "Formal Methods for Software Engineering",
          "Experimental Evaluation and Validation",
          "Industry-Academia Collaboration"
        ]
      },
      {
        "category": "Trends in Software Engineering",
        "subtopics": [
          "AI-Driven Software Development",
          "Sustainable Software Engineering",
          "Software Engineering for Emerging Technologies",
          "Construction of Complex Systems",
          "Modeling and Knowledge Management",
          "Support Methodologies",
          "Software Engineering for Cloud Computing, Big Data, and Social Computing"
        ]
      },
      {
        "category": "Interaction with Other Disciplines",
        "subtopics": [
          "User-Centered Design",
          "Social Issues in Software Engineering"
        ]
      },
      {
        "category": "Software Engineering Education (SEE)",
        "subtopics": [
          "Models and Techniques for SEE",
          "Teaching Approaches for SEE",
          "Tools for SEE",
          "Strategies and Instruments for Assessment in SEE",
          "Workforce Development"
        ]
      },
      {
        "category": "Industry and Government Experiences",
        "subtopics": [
          "Case Studies in Industry and Government",
          "Study Cases in Industry and Government"
        ]
      },
      {
        "category": "Dependability, Security, and Privacy",
        "subtopics": [
          "Dependability and Security",
          "Privacy and Fairness",
          "Software Security, Privacy, and Cybersecurity"
        ]
      },
      {
        "category": "Testing, Analysis, and Maintenance",
        "subtopics": [
          "Software Testing",
          "Program Analysis and Synthesis",
          "Debugging and Fault Localization",
          "Software Maintenance, Evolution, and Legacy Systems"
        ]
      },
      {
        "category": "Software Engineering for AI",
        "subtopics": [
          "SE for AI Models",
          "SE for Systems with AI Components",
          "SE for AI Code, Libraries, and Datasets",
          "Testing and Verification of AI-Based Systems",
          "Automated Repair of AI Models"
        ]
      }
    ]
  }
}