{
  "email": {
    "subject": "Research and Postdoctoral Fellow Positions - Helsinki, Finland",
    "from": {
      "name": "SEWORLD Moderator",
      "email": "[log in to unmask]"
    },
    "replyTo": {
      "name": "SEWORLD Moderator",
      "email": "[log in to unmask]"
    },
    "date": "Thu, 10 Jul 2025 16:13:15 -0000",
    "contentType": "text/plain",
    "body": {
      "introduction": "The Helsinki Institute for Information Technology (HIIT) invites applications for Postdoctoral Fellows and Research Fellows.",
      "positions": [
        {
          "title": "Postdoctoral Fellow",
          "duration": "up to three years"
        },
        {
          "title": "Research Fellow",
          "duration": "up to five years"
        }
      ],
      "contract": {
        "length": "negotiable",
        "startingAndEndingDates": "negotiable"
      },
      "institution": {
        "name": "Helsinki Institute for Information Technology",
        "affiliations": [
          {
            "university": "Aalto University",
            "description": "one of the leading universities in Finland in computer science and information technology"
          },
          {
            "university": "University of Helsinki",
            "description": "one of the leading universities in Finland in computer science and information technology"
          }
        ],
        "location": "Helsinki Metropolitan area",
        "commitment": "fostering an inclusive environment with people from diverse backgrounds"
      },
      "applicantEncouragement": "Researchers from underrepresented groups are particularly encouraged to apply.",
      "focusAreas": [
        "Artificial Intelligence",
        "Computational Health",
        "Cybersecurity",
        "Data Science",
        "Foundations of Computing"
      ],
      "softwareEngineeringTopics": {
        "PIs": [
          {
            "name": "Fabian Fagerholm",
            "topics": [
              "Human Factors in Software Engineering",
              "Developer Experience",
              "Affect in Software Engineering"
            ]
          },
          {
            "name": "Mika Männistö",
            "topics": [
              "Software Monitoring",
              "Software Test Automation",
              "Automating Systematic Literature Reviews"
            ]
          }
        ]
      },
      "contactRecommendation": "Contacting the PIs before applying is advisable but not mandatory.",
      "applicationDetails": "For details see https://www.hiit.fi/hiit-postdoctoral-and-research-fellow-positions/"
    },
    "footer": {
      "contactPerson": {
        "name": "Prof. Mika Männistö",
        "department": "Software / Computer Science",
        "university": "University of Helsinki",
        "address": "Room A229 (Exactum), P.O. Box 68, 00014 University of Helsinki, Finland",
        "mobile": "+358 50 577 1684",
        "website": "https://mmantyla.github.io/"
      },
      "contributionInfo": "To contribute to SEWORLD, send your submission to mailto:[log in to unmask]",
      "seworldInfo": "http://sigsoft.org/resources/seworld.html provides more information on SEWORLD as well as links to a complete archive of messages posted to the list."
    }
  }
}