{
  "job_posting": {
    "subject": "Lecturer/Senior Lecturer Positions, Massey University, New Zealand",
    "from": {
      "name": "SEWORLD Moderator",
      "email": "[log in to unmask]"
    },
    "reply_to": {
      "name": "SEWORLD Moderator",
      "email": "[log in to unmask]"
    },
    "date": "Mon, 7 Jul 2025 03:09:23 -0000",
    "content_type": "text/plain",
    "position_details": {
      "institution": "Massey University",
      "school": "School of Mathematical & Computational Sciences",
      "location": "Albany Campus, Auckland",
      "employment_type": "full-time",
      "contract_type": "permanent",
      "number_of_positions": 2,
      "department": "Computer Science and Information Technology",
      "research_focus": [
        "AI",
        "cybersecurity",
        "software engineering",
        "human-computer interaction"
      ],
      "responsibilities": [
        "Provide high-quality teaching and supervision at undergraduate and postgraduate levels, both in-person and online",
        "Lead and contribute to an active research programme",
        "Supervise Master's and PhD students",
        "Pursue external research funding opportunities"
      ],
      "application_info": {
        "url": "https://masseyunicareers.nga.net.nz/cp/index.cfm?event=jobs.checkJobDetailsNewApplication&returnToEvent=jobs.listJobs&jobid=C28B71DC-E87D-C4D2-DA96-E3ECC8834915&CurATC=EXT&CurBID=62AFB35D%2D9273%2D4A11%2D8DCC%2D9DB401354197&JobListID=22FC4F47%2DE994%2D46A3%2DB8C9%2D9BC901269F43&jobsListKey=37959d9a%2D77a2%2D45c6%2Da2aa%2D9eea6cbb8464&persistVariables=CurATC,CurBID,JobListID,jobsListKey,JobID&lid=39906670120&rmuh=7E4712B214DF233A12700BB7E34A99F32F4ADE7D"
      },
      "contact_person": {
        "name": "Professor Hans Guesgen",
        "position": "School of Mathematical & Computational Sciences",
        "institution": "Massey University",
        "email": "[log in to unmask]"
      }
    }
  }
}