{
  "email": {
    "subject": "CONFEST 2025: 1st Call for Participation (Early Registration until July 25)",
    "from": {
      "name": "SEWORLD Moderator",
      "email": "[log in to unmask]"
    },
    "reply_to": {
      "name": "SEWORLD Moderator",
      "email": "[log in to unmask]"
    },
    "date": "Tue, 1 Jul 2025 06:33:25 -0000",
    "content_type": "text/plain",
    "body": {
      "event": {
        "name": "CONFEST 2025",
        "website": "https://conferences.au.dk/confest2025",
        "date": {
          "start": "2025-08-25",
          "end": "2025-08-30"
        },
        "location": "Aarhus, Denmark",
        "features": {
          "invited_talks": 8,
          "conference_paper_presentations": 75,
          "co_located_workshops": 6
        },
        "early_registration_deadline": "2025-07-25"
      },
      "conferences": [
        {
          "name": "CONCUR 2025",
          "description": "36th International Conference on Concurrency Theory"
        },
        {
          "name": "FMICS 2025",
          "description": "30th International Conference on Formal Methods for Industrial Critical Systems"
        },
        {
          "name": "QEST+FORMATS 2025",
          "description": "Joint International Conference on Quantitative Evaluation of Systems and Formal Modeling and Analysis of Timed Systems"
        }
      ],
      "registration": {
        "link": "https://conferences.au.dk/confest2025/registration",
        "hotel_booking_codes": "https://conferences.au.dk/confest2025/hotel-accommodations",
        "other_accommodations": "https://www.visitaarhus.com/aarhus/where-sleep/hotels"
      },
      "invited_speakers": [
        {
          "name": "Alessandro Abate",
          "affiliation": "U of Oxford, UK",
          "title": "Neural synthesis for verification and control of stochastic systems"
        },
        {
          "name": "Christel Baier",
          "affiliation": "TU Dresden, Germany",
          "title": "Linear Temporal Logic with Standpoint Modalities"
        },
        {
          "name": "Lu Feng",
          "affiliation": "University of Virginia, USA",
          "title": "Runtime Safety for Learning-Enabled Cyber-Physical Systems: From Predictive Monitoring to Adaptive Shielding"
        },
        {
          "name": "Arnd Hartmanns",
          "affiliation": "U of Twente, NL",
          "title": "Sound and Modest Approaches to Quantitative Model Checking from Sea to Space"
        },
        {
          "name": "Chris Heunen",
          "affiliation": "U of Edinburgh, UK",
          "title": "Towards categorical quantum concurrency theory"
        },
        {
          "name": "Christoph Matheja",
          "affiliation": "U of Oldenburg, Germany and DTU Denmark",
          "title": "Automating Proof Rules for Probabilistic Programs"
        },
        {
          "name": "Ina Schieferdecker",
          "affiliation": "Independent Researcher, Germany",
          "title": "Empowering Testing with AI - Navigating the growing field of research on AI for software testing"
        },
        {
          "name": "Jiri Srba",
          "affiliation": "Aalborg University, Denmark",
          "title": "On-the-Fly Verification: Advancements in Dependency Graphs"
        }
      ],
      "workshops": [
        {
          "name": "BMQL 2025",
          "description": "1st IW on Behavioural Metrics and Quantitative Logics"
        },
        {
          "name": "Express/SOS 2025",
          "description": "combined IW on Expressiveness in Concurrency and Structural Operational Semantics"
        },
        {
          "name": "FMQC 2025",
          "description": "IW on Formal Methods in Quantum Computing"
        },
        {
          "name": "PFQA 2025",
          "description": "Colloquium on Principles of Formal Quantitative Analysis"
        },
        {
          "name": "Radical 2025",
          "description": "4th IW on Recent Advances in Concurrency and Logic"
        },
        {
          "name": "SynCoP 2025",
          "description": "10th IW on Synthesis of Complex Parameters"
        }
      ],
      "closing_statement": "We hope to meet you in Aarhus this summer!",
      "signature": "Sincerely, CONFEST Organization Committee",
      "contribution_info": {
        "link": "mailto:[log in to unmask]",
        "more_info": "http://sigsoft.org/resources/seworld.html"
      }
    }
  }
}