{
  "job_posting": {
    "subject": "Post-Doc Position at Linz Institute of Technology (Johannes Kepler Univ. Linz, Austria) (full time, 3 years)",
    "from": {
      "name": "SEWORLD Moderator",
      "email": "[log in to unmask]"
    },
    "reply_to": {
      "name": "SEWORLD Moderator",
      "email": "[log in to unmask]"
    },
    "date": "Mon, 16 Jun 2025 05:28:46 -0000",
    "content_type": "text/plain",
    "position_details": {
      "institution": "Johannes Kepler University (JKU) Linz Institute of Technology (LIT)",
      "duration": "up to three-years contract",
      "focus_areas": [
        "Distributed Software Systems and Software Architectures, esp. Distributed Stream Processing Systems",
        "Cloud Computing and Software Performance, esp. in Large, Distributed Data Systems",
        "Real-Time, Scalable Data Processing and Querying"
      ],
      "job_duties": [
        "Conduct Software Engineering research in the fields mentioned above",
        "Lay the foundation for the next generation of highly scalable, data-driven software applications in collaboration with Dynatrace",
        "Apply for research grants",
        "Publish, present and disseminate research findings in journals, conferences and workshops",
        "Collaborate with fellow JKU researchers and academic and industrial partners in Austria and abroad",
        "(Co-)supervise Ph.D./Master’s/Bachelor’s students"
      ],
      "qualifications": [
        "Strong software engineering background with experience in one or multiple of the following fields: Distributed Software Systems and Software Architectures, especially Distributed Stream Processing Systems, Real-Time, Scalable Data Processing and Querying, Cloud Computing, Software Performance, especially in Large, Distributed Data Systems, and Parallel Computing",
        "Doctorate/Ph.D. degree in Computer Science or a related field",
        "Experience and/or expertise in a minimum of one of the corresponding research areas",
        "Experience in writing academic/scientific publications and presenting scientific work at international events",
        "Hands-on experience in object-oriented programming",
        "Experiences with Apache Spark, Apache Flink, Apache Kafka and Kubernetes are desired",
        "Strong proficiency (C1 level) in English (both oral and written)"
      ],
      "application_deadline": "Aug 10",
      "application_link": "https://tinyurl.com/CoInnovPostDoc"
    },
    "publications": [
      "https://doi.org/10.1145/3629526.3645036",
      "https://doi.org/10.1145/3629104.3666040"
    ],
    "contact": {
      "name": "Rick Rabiser",
      "title": "Univ.-Prof. Mag. Dr.",
      "position": "Head of Christian Doppler Lab VaSiCS, JKU-Head of JKU/Dynatrace Co-Innovation Lab, Head of Cyber-Physical Systems Lab",
      "institution": "Linz Institute of Technology, JOHANNES KEPLER UNIVERSITY LINZ",
      "address": {
        "street": "Altenberger Straße 69",
        "city": "Linz",
        "postal_code": "4040",
        "country": "Austria"
      },
      "phone": "+43 732 2468 4363",
      "email": "[log in to unmask]",
      "website_links": [
        "https://jku.at/cdl-vasics",
        "https://jku.at/lit/cps-lab"
      ]
    }
  }
}