{
  "job_posting": {
    "subject": "Professor in Artificial Intelligence for Software Engineering, LUT University, Finland",
    "from": {
      "name": "SEWORLD Moderator",
      "email": "[log in to unmask]"
    },
    "reply_to": {
      "name": "SEWORLD Moderator",
      "email": "[log in to unmask]"
    },
    "date": "Tue, 10 Jun 2025 15:25:54 -0000",
    "content_type": "text/plain",
    "position": {
      "title": "Professor in Artificial Intelligence for Software Engineering",
      "department": "Department of Software Engineering",
      "school": "LUT School of Engineering Sciences",
      "location": "Lappeenranta campus, Finland",
      "employment_type": [
        "assistant professor (fixed term of four years)",
        "associate professor (fixed term of four years)",
        "full professor (permanent)"
      ],
      "tenure_track": {
        "description": "The tenure track system offers researchers a possibility to advance to the next level, provided they meet the requirements in the promotion reviews."
      },
      "requirements": {
        "research_merits": "Up-to-date research merits in topics related to artificial intelligence in relation to software engineering.",
        "expertise_areas": [
          "using AI to improve software engineering",
          "effects of AI on software security, software quality, maintenance, or other areas in software development",
          "using AI in code generation, software testing, architecture design, or other software process phases",
          "integrating AI and machine learning into software systems",
          "explainable and responsible AI models for software development",
          "using design science in creating and evaluating AI tools for software development",
          "AI agents in collaborative software development",
          "using AI for knowledge management in software development"
        ]
      },
      "duties": [
        "basic and advanced education and programme development in the key areas of software engineering",
        "high-impact international research",
        "preparation of national and international research and education projects",
        "planning and implementation of bachelor's, master's, and doctoral education",
        "supervision of final theses and doctoral studies",
        "increasing awareness in a way that serves industry and the economy",
        "taking part in the preparation of projects in other LUT units as an expert",
        "general administrative work related to the university's operation"
      ]
    },
    "application_information": {
      "application_form_link": "https://lut.rekrytointi.com/paikat/?o=A_A&jid=1318",
      "closing_date": "11 August 2025 at 12 noon, Finnish local time (UTC + 3h)"
    },
    "contact": {
      "name": "Professor Kari Smolander",
      "email": "[log in to unmask]"
    },
    "department_links": {
      "software_engineering": "https://www.lut.fi/en/about-lut/faculties/lut-school-engineering-sciences/software-engineering",
      "school_of_engineering_sciences": "https://www.lut.fi/en/about-lut/faculties/lut-school-engineering-sciences",
      "international_staff": "https://www.lut.fi/en/about-us/come-work-us/international-staff-and-visitors"
    }
  }
}