{
  "job_posting": {
    "subject": "Open Position: Assistant Professor of Software Engineering @ Ulm University, Germany",
    "date": "2025-06-10T15:24:10Z",
    "contact": {
      "name": "Prof. Dr. Matthias Tichy",
      "position": "Head of the Institute of Software Engineering and Programming Languages, Dean of the Faculty of Engineering, Computer Science, and Psychology",
      "university": "Ulm University",
      "address": "89069 Ulm, Germany",
      "phone": "+49 731 50-24160",
      "email": "[log in to unmask]"
    },
    "position": {
      "title": "Assistant Professor of Software Engineering",
      "type": "W1 (no tenure track)",
      "location": "Ulm University, Germany",
      "reference_number": "25079",
      "application_deadline": "2025-06-29",
      "application_portal": "https://stellenangebote.uni-ulm.de/aznsw",
      "employment_terms": {
        "type": "temporary civil servant or employee",
        "duration": "fixed term of 6 years",
        "extension_policy": "not possible except in cases of § 45 Para 6 LHG"
      },
      "requirements": {
        "education": "completed university studies",
        "teaching_aptitude": "required",
        "doctoral_degree": "required",
        "special_aptitude": "demonstrated by outstanding quality of a doctorate (§ 51 Abs. 2 LHG)"
      },
      "preferred_candidates": {
        "focus": "qualified female scientists",
        "consideration": "severely disabled applicants with equal aptitude will be given preferential consideration"
      },
      "qualifications": {
        "experience": [
          "international track record in software engineering",
          "experience in acquiring third-party funding",
          "participation in collaborative research projects"
        ],
        "teaching": {
          "skills": "strong teaching skills",
          "documentation": "excellent teaching evaluations or continued educational training",
          "language": {
            "basic_level": "German",
            "advanced_courses": "English"
          }
        }
      },
      "expectations": {
        "research": "propose a research program to strengthen and complement research expertise",
        "collaboration": "opportunities for interdisciplinary collaboration and exchange",
        "aiding": "support with an E13 doctoral student position",
        "faculty_participation": "active participation in faculty’s self-administration expected"
      }
    },
    "university_info": {
      "type": "young research university",
      "focus": [
        "natural sciences",
        "medicine",
        "technology"
      ],
      "ranking": "top 10% worldwide in THE World University ranking",
      "student_population": "more than 10,000",
      "work_environment": "dynamic with attractive networking and development prospects"
    }
  }
}