{
  "email": {
    "subject": "Associate Professorship (W2): Software Engineering for Safety Critical Systems",
    "from": {
      "name": "SEWORLD Moderator",
      "email": "[log in to unmask]"
    },
    "reply_to": {
      "name": "SEWORLD Moderator",
      "email": "[log in to unmask]"
    },
    "date": "Fri, 23 May 2025 14:22:39 -0000",
    "content_type": "text/plain"
  },
  "body": {
    "salutation": "Dear colleagues,",
    "institution": {
      "name": "TU Braunschweig",
      "country": "Germany"
    },
    "position": {
      "title": "Associate Professor",
      "type": "tenured",
      "level": "W2",
      "application_link": "https://vacancies.tu-braunschweig.de/jobposting/d61ad0b165924c57cc54c4810ff4f91c6dc334170?ref=homepage"
    },
    "research_topics": [
      "Model Checking",
      "Static Program Analysis (Abstract Interpretation, Data Flow Analysis)",
      "Dynamic Program Analysis (Runtime Verification, Monitoring, Testing)",
      "Solver Technology (SAT Solvers, SMT Solvers, Theorem Provers)",
      "Programming Languages (Program Logics, Type Systems, Semantics)",
      "Synthesis (Reactive Synthesis, Functional Synthesis, Correctness by Construction)"
    ],
    "closing": "Looking forward to hearing from you,",
    "sender": {
      "name": "Prof. Dr. Thomas Thüm",
      "title": "Head of Institute",
      "department": "Institut für Softwaretechnik und Fahrzeuginformatik",
      "address": {
        "line_1": "Universitätsplatz 2",
        "postal_code": "38106",
        "city": "Braunschweig",
        "country": "Germany"
      },
      "contact": {
        "phone": "+49 531 391 2275",
        "room": "IZ 348",
        "email": "[log in to unmask]",
        "website": "https://www.tu-braunschweig.de/en/isf"
      }
    },
    "footer": {
      "note": "To contribute to SEWORLD, send your submission to",
      "submission_email": "mailto:[log in to unmask]",
      "more_info": "http://sigsoft.org/resources/seworld.html"
    }
  }
}