{
  "email": {
    "subject": "Associate Professorship (W2) in Verification",
    "from": {
      "name": "SEWORLD Moderator",
      "email": "[log in to unmask]"
    },
    "reply_to": {
      "name": "SEWORLD Moderator",
      "email": "[log in to unmask]"
    },
    "date": "Wed, 21 May 2025 23:24:11 -0000",
    "content_type": "text/plain",
    "body": {
      "greeting": "Dear Colleagues",
      "announcement": {
        "position": "Associate Professor in Verification",
        "type": "tenured",
        "level": "W2",
        "link": "https://vacancies.tu-braunschweig.de/jobposting/d61ad0b165924c57cc54c4810ff4f91c6dc334170?ref=homepage"
      },
      "offer_distribution": "If you have colleagues who may be interested, please distribute the offer.",
      "closing": "Looking forward to hearing from you",
      "sender": {
        "name": "Prof. Dr. Roland Meyer",
        "institution": "TU Braunschweig",
        "department": "Institut für Theoretische Informatik",
        "address": {
          "street": "Mühlenpfordtstr. 23",
          "postal_code": "38106",
          "city": "Braunschweig"
        },
        "contact": {
          "phone": "+49 (0)531 391 9524",
          "fax": "+49 (0)531 391 9529",
          "website": "https://www.tu-bs.de/tcs"
        }
      }
    },
    "footer": {
      "contribution_info": "To contribute to SEWORLD, send your submission to mailto:[log in to unmask]",
      "additional_info": "http://sigsoft.org/resources/seworld.html provides more information on SEWORLD as well as links to a complete archive of messages posted to the list."
    }
  }
}