{
  "email": {
    "subject": "[Call for Workshop Proposals] IEEE International Conference on Artificial Intelligence of Things (IEEE AIoT 2025), Dec. 3-5, 2025, Osaka, Japan",
    "from": {
      "name": "SEWORLD Moderator",
      "email": "[log in to unmask]"
    },
    "reply_to": {
      "name": "SEWORLD Moderator",
      "email": "[log in to unmask]"
    },
    "date": "Mon, 19 May 2025 18:00:44 -0000",
    "content_type": "text/plain",
    "apology": "Please accept our apologies if you receive multiple copies of this CFP",
    "submission_info": {
      "submission_email": "mailto:[log in to unmask]",
      "additional_information": "http://sigsoft.org/resources/seworld.html provides more information on SEWORLD as well as links to a complete archive of messages posted to the list."
    }
  }
}