{
  "email": {
    "subject": "Petri Nets 2025 (Paris): Call for participation",
    "from": {
      "name": "SEWORLD Moderator",
      "email": "[log in to unmask]"
    },
    "reply_to": {
      "name": "SEWORLD Moderator",
      "email": "[log in to unmask]"
    },
    "date": "Mon, 19 May 2025 15:46:20 -0000",
    "content_type": "text/plain",
    "body": {
      "instructions": {
        "submission_info": "To contribute to SEWORLD, send your submission to",
        "submission_email": "mailto:[log in to unmask]",
        "more_info": "http://sigsoft.org/resources/seworld.html provides more information on SEWORLD as well as links to a complete archive of messages posted to the list."
      }
    }
  }
}