{
  "email": {
    "subject": "[Job Opportunity] Dean of School of Computing and Information Systems, Singapore Management University",
    "from": {
      "name": "SEWORLD Moderator",
      "email": "[log in to unmask]"
    },
    "reply_to": {
      "name": "SEWORLD Moderator",
      "email": "[log in to unmask]"
    },
    "date": "Sat, 17 May 2025 12:32:43 -0000",
    "content_type": "multipart/mixed",
    "body": {
      "message": "Dear Sir,\n\nCan you please help post the attached information to SE community?\n\nThanks,\n\nbaihua"
    },
    "classification": "Restricted",
    "footer": {
      "submission_info": "To contribute to SEWORLD, send your submission to mailto:[log in to unmask]",
      "website": "http://sigsoft.org/resources/seworld.html",
      "archive_info": "provides more information on SEWORLD as well as links to a complete archive of messages posted to the list."
    }
  }
}