{
  "email": {
    "subject": "[CfP] Special Issue on Conceptual and Technical Engineering of Blockchain-based Information Systems",
    "from": {
      "name": "SEWORLD Moderator",
      "email": "[log in to unmask]"
    },
    "reply_to": {
      "name": "SEWORLD Moderator",
      "email": "[log in to unmask]"
    },
    "date": "Sat, 17 May 2025 12:31:08 -0000",
    "content_type": "text/plain",
    "call_for_papers": {
      "title": "Conceptual and Technical Engineering of Blockchain-based Information Systems",
      "journal": {
        "name": "Information Systems",
        "rank": "Q1",
        "scimago": 9.4,
        "cite_score": 9.4,
        "impact_factor": 3.0,
        "url": "https://www.sciencedirect.com/special-issue/319734/conceptual-and-technical-engineering-of-blockchain-based-information-systems"
      },
      "dates": {
        "submission_open_date": "May 1, 2025",
        "submission_deadline": "September 30, 2025",
        "editorial_acceptance_deadline": "May 1, 2026"
      },
      "special_issue_information": {
        "description": "Blockchain technology supports decentralized, transparent, and immutable transaction execution and storage. The advent of smart contracts has provided the opportunity to apply these characteristics for managing digital and real-world assets, and for running business logic on blockchain platforms. As blockchain technology has advanced, adoption from both industry and academia has steadily increased, driving efforts to develop new, trustworthy Blockchain‑based Information Systems (BISs). This was possible thanks to the blockchain's execution environment, offering additional trust guarantees to execute multi-party collaborations, and enhancing auditing and verification activities. Indeed, blockchain enables mutually distrusting parties to share data in a trusted way, without requiring third-party authorities.",
        "challenges": {
          "conceptual": [
            "requirements engineering",
            "modeling",
            "integration",
            "governance",
            "evolution of BISs"
          ],
          "technical": [
            "data sharing",
            "data management",
            "system optimization",
            "adoption of novel on- and off-chain solutions"
          ]
        },
        "aim": "This special issue aims to advance the state of BISs and their engineering by addressing conceptual and technical challenges at different levels. Responding to such challenges requires innovative research and solutions to strengthen the maturity of blockchain technology for information systems."
      },
      "topics": {
        "conceptual_oriented": [
          "Models, methods, and tools for the design of BISs",
          "Meta-models and ontologies",
          "Challenges related to the design of BISs",
          "Sustainability",
          "Empirical material providing and assessing approaches to the design of BISs",
          "Field experience providing details, benefits, or challenges in the design of BISs",
          "Modeling of BISs",
          "Innovation and re-engineering using Blockchain Technology",
          "Blockchain-enabled business processes for specific industries (e.g. Banking and Finance, Supply Chain, Retail, Government)",
          "Governance of blockchain-based networks",
          "Blockchain to support organizational governance",
          "Decentralized Autonomous Organizations (DAOs)"
        ],
        "technical_oriented": [
          "Blockchain data management including sharing and provenance",
          "Data privacy and confidentiality on the blockchain (e.g., encryption, zero-knowledge)",
          "Blockchain-based authentication and access control",
          "Layer-two solutions for BISs",
          "Off-chain solutions for BISs",
          "Oracles for trusted data",
          "Optimization in smart contracts (e.g., data structures)",
          "Blockchain hybrid architectures",
          "Cross-chain, interoperable and bridge solutions for BISs",
          "Analysis techniques of blockchain data and BISs (e.g., data visualization, process mining)",
          "Query languages on blockchain",
          "Data auditing and monitoring on blockchain"
        ]
      },
      "submission_information": {
        "submission_method": "All manuscripts should be submitted electronically through Editorial Manager® at https://www.editorialmanager.com/infosys/default.aspx.",
        "article_types_selection": [
          "VSI: BISs - Research article",
          "VSI: BISs - Review article"
        ],
        "author_guidelines": "Authors should prepare their manuscripts according to the 'Guide for Authors' of the Information Systems journal outlined at the journal website.",
        "peer_review": "All papers will be peer-reviewed following a regular reviewing procedure."
      },
      "guest_editors": [
        {
          "name": "Prof. Sarah Bouraga, Ph.D.",
          "affiliation": "EM Normandie Business School, France",
          "email": "[log in to unmask]"
        },
        {
          "name": "Dr. Felix Härer, Ph.D.",
          "affiliation": "FHNW University of Applied Sciences, Switzerland",
          "email": "[log in to unmask]"
        },
        {
          "name": "Dr. Alessandro Marcelletti, Ph.D.",
          "affiliation": "University of Camerino, Italy",
          "email": "[log in to unmask]"
        }
      ]
    }
  }
}