{
  "email": {
    "subject": "Call for Participation: SLE 2025 - 18th ACM SIGPLAN International Conference on Software Language Engineering",
    "from": {
      "name": "SEWORLD Moderator",
      "email": "[log in to unmask]"
    },
    "reply_to": {
      "name": "SEWORLD Moderator",
      "email": "[log in to unmask]"
    },
    "date": "Sat, 17 May 2025 12:30:44 -0000",
    "content_type": "text/plain",
    "content": {
      "call_for_participation": {
        "conference_name": "18th ACM SIGPLAN International Conference on Software Language Engineering",
        "abbreviation": "SLE 2025",
        "dates": {
          "start": "12 June 2025",
          "end": "13 June 2025"
        },
        "location": "Koblenz, Germany",
        "websites": [
          "https://conf.researchr.org/home/sle-2025",
          "https://www.sleconf.org/2025/",
          "https://x.com/sleconf"
        ],
        "description": "The ACM SIGPLAN International Conference on Software Language Engineering (SLE) is devoted to the principles of software languages: their design, their implementation, and their evolution.",
        "program_structure": "The conference traditionally fills a two-day program with a single track, with the only temporal overlap occurring between co-located events."
      },
      "registration": {
        "method": "STAF registration page",
        "early_bird_deadline": "May 10th, 2025",
        "registration_link": "https://conf.researchr.org/attending/staf-2025/staf-2025-registration"
      },
      "venue": {
        "name": "University of Koblenz",
        "venue_link": "https://conf.researchr.org/venue/sle-2025/staf-2025-venue"
      },
      "keynotes": [
        {
          "speaker": "Thorsten Berger",
          "affiliation": "Ruhr University Bochum, Germany",
          "title": "A New DSL Textbook in Town!"
        },
        {
          "speaker": "Friedrich Steimann",
          "affiliation": "Fernuniversität in Hagen, Germany",
          "title": "an Programming Be Liberated from the Functional Style?"
        }
      ],
      "awards": [
        {
          "name": "Distinguished paper",
          "description": "Award for the most notable paper, as determined by the PC chairs based on the recommendations of the program committee."
        },
        {
          "name": "Distinguished artefact",
          "description": "Award for the artefact most significantly exceeding expectations, as determined by the AEC chairs based on the recommendations of the artefact evaluation committee."
        },
        {
          "name": "Distinguished reviewer",
          "description": "Award for the programme committee member that produced the most useful reviews as assessed by paper authors."
        },
        {
          "name": "Most Influential Paper",
          "description": "Award for the SLE 2015 paper with the greatest impact, as judged by the SLE Steering Committee."
        },
        {
          "name": "COLA Award",
          "description": "2024 Journal of Computer Languages Best Paper Award"
        }
      ],
      "accepted_papers": [
        {
          "title": "A Model-Driven Approach to Design, Generation, and Deployment of GUI Component Libraries",
          "authors": [
            "Arkadii Gerasimov",
            "Nico Jansen",
            "Judith Michael",
            "Bernhard Rumpe",
            "Sebastian Will"
          ]
        },
        {
          "title": "AnyText: Incremental, left-recursive Parsing and Pretty-Printing from a single Grammar Definition with first-class LSP support",
          "authors": [
            "Georg Hinkel",
            "Alexander Hert",
            "Niklas Hettler",
            "Kevin Weinert"
          ]
        },
        {
          "title": "Boosting Parallel Parsing through Cyclic Operator Precedence Grammars",
          "authors": [
            "Michele Chiari",
            "Michele Giornetta",
            "Dino Mandrioli",
            "Matteo Pradella"
          ]
        },
        {
          "title": "Detecting Resource Leaks on Android with Alpakka",
          "authors": [
            "Gustavo Amorim Santos",
            "Alexandra Mendes",
            "João Bispo"
          ]
        },
        {
          "title": "Dynamic Dependency-Based Purity Checking",
          "authors": [
            "Anton Risberg Alaküla",
            "Niklas Fors",
            "Christoph Reichenbach"
          ]
        },
        {
          "title": "Exploratory, Omniscient, and Multiverse Diagnostics in Debuggers for Non-Deterministic Languages",
          "authors": [
            "Damian Frölich",
            "Tommaso Pacciani",
            "L. Thomas van Binsbergen"
          ]
        },
        {
          "title": "Handling Grammar Cycles in the 1997 Standard ML Definition",
          "authors": [
            "Elizabeth Scott",
            "Adrian Johnstone"
          ]
        },
        {
          "title": "Integrating Model Checking into a Live Modeling Environment",
          "authors": [
            "Joeri Exelmans",
            "Ciprian Teodorov",
            "Hans Vangheluwe"
          ]
        },
        {
          "title": "Lessons Learned: Challenges of Modular Language Design",
          "authors": [
            "Alex Lüpges",
            "Nico Jansen",
            "Bernhard Rumpe"
          ]
        },
        {
          "title": "Optimal Language Design is Hard: A Case Study in ECMAScript (JavaScript) Standardization",
          "authors": [
            "Philipp Riemer",
            "Yury Nikulin",
            "Ashley Claymore",
            "Mikhail Barash"
          ]
        },
        {
          "title": "Optimize Effect Handling for Tail-resumption with Stack Unwinding",
          "authors": [
            "Yuze Fu",
            "Shigeru Chiba"
          ]
        },
        {
          "title": "Property-based Testing of Attribute Grammars",
          "authors": [
            "José Nuno Macedo",
            "Marcos Viera",
            "João Saraiva"
          ]
        },
        {
          "title": "Scheduling the Construction and Interrogation of Scope Graphs Using Attribute Grammars",
          "authors": [
            "Luke Bessant",
            "Eric Van Wyk"
          ]
        },
        {
          "title": "(Semantic) Feature Model Differences with (Q)SAT",
          "authors": [
            "Simone Heisinger",
            "Maximilian Heisinger",
            "Martina Seidl"
          ]
        },
        {
          "title": "TranspileJS, an Intelligent Framework for Transpiling JavaScript to WebAssembly",
          "authors": [
            "José Pedro Ferreira",
            "João Bispo",
            "Susana Lima"
          ]
        },
        {
          "title": "Variability Fault Localization by Abstract Interpretation and its Application to SPL Repair",
          "authors": [
            "Aleksandar S. Dimovski"
          ]
        }
      ]
    }
  }
}