{
  "email": {
    "subject": "SCHIER 2025: Apply Now for Europe’s Only Summer School on Informatics Education Research",
    "from": {
      "name": "SEWORLD Moderator",
      "email": "[log in to unmask]"
    },
    "reply_to": {
      "name": "SEWORLD Moderator",
      "email": "[log in to unmask]"
    },
    "date": "Sat, 17 May 2025 04:24:26 -0000",
    "content_type": "text/plain",
    "body": {
      "greeting": "Dear colleagues,",
      "event_details": {
        "title": "2025 Summer School on Informatics Education Research (SCHIER)",
        "description": "the only summer school in Europe exclusively focused on research in Informatics Education",
        "dates": {
          "start_date": "8 September 2025",
          "end_date": "12 September 2025"
        },
        "location": "UCLouvain, Louvain-la-Neuve, Belgium",
        "target_audience": [
          "PhD students",
          "postdocs",
          "researchers with an interest in Informatics Education Research"
        ],
        "activities": [
          "Expert-led lectures and interactive sessions on key topics and methodologies.",
          "Collaborative discussions on emerging research challenges.",
          "Networking opportunities that foster meaningful, long-term collaboration and advancement."
        ],
        "participant_limit": 40,
        "registration_info": {
          "fees": {
            "IE_member_institutes": 350,
            "other_participants": 400
          },
          "registration_link": "https://www.informatics-europe.org/join-us/current-members.html"
        },
        "application": {
          "deadline": "25 June 2025",
          "apply_link": "https://www.informatics-europe.org/education/informatics-education-research-school.html"
        },
        "promotional_material": {
          "flyer_link": "https://www.informatics-europe.org/images/SCHIER/2025/SCHIER2025-flyer.pdf"
        },
        "closing_statement": "Don’t miss this unique opportunity to engage with a vibrant community of researchers shaping the future of Informatics Education in Europe!"
      },
      "signature": {
        "name": "Informatics Europe"
      },
      "remark": "Informatics Education is a growing and vital field recognised by the EU Council.",
      "additional_info": {
        "link": "https://www.informatics-europe.org/images/documents/IE-PhD-School-Informatics-Education-Research.pdf"
      },
      "footer": {
        "antivirus_check": "This email has been checked for viruses by AVG antivirus software.",
        "avg_link": "www.avg.com",
        "submission_info": "To contribute to SEWORLD, send your submission to mailto:[log in to unmask]",
        "seworld_link": "http://sigsoft.org/resources/seworld.html"
      }
    }
  }
}